ticker,name,weight
BRK.B,BERKSHIRE HATHAWAY INC CL B,12.227320
JPM,JPMORGAN CHASE + CO,11.695378
V,VISA INC CLASS A SHARES,8.149448
MA,MASTERCARD INC   A,5.948586
BAC,BANK OF AMERICA CORP,4.735368
GS,GOLDMAN SACHS GROUP INC,3.493109
WFC,WELLS FARGO + CO,3.229593
MS,MORGAN STANLEY,3.045438
C,CITIGROUP INC,2.879739
SCHW,SCHWAB (CHARLES) CORP,2.101801
AXP,AMERICAN EXPRESS CO,2.092278
BLK,BLACKROCK INC,2.009369
SPGI,S+P GLOBAL INC,1.582416
COF,CAPITAL ONE FINANCIAL CORP,1.567649
CB,CHUBB LTD,1.527875
PGR,PROGRESSIVE CORP,1.527390
BNY,BANK OF NEW YORK MELLON CORP,1.324306
CME,CME GROUP INC,1.256748
HOOD,ROBINHOOD MARKETS INC   A,1.241420
USB,US BANCORP,1.182482
PNC,PNC FINANCIAL SERVICES GROUP,1.158046
ICE,INTERCONTINENTAL EXCHANGE IN,1.144858
BX,BLACKSTONE INC,1.143358
MRSH,MARSH + MCLENNAN COS,1.053782
TRV,TRAVELERS COS INC/THE,0.982362
MCO,MOODY S CORP,0.904677
KKR,KKR + CO INC,0.859051
AON,AON PLC CLASS A,0.760909
AJG,ARTHUR J GALLAGHER + CO,0.756602
TFC,TRUIST FINANCIAL CORP,0.749053
ALL,ALLSTATE CORP,0.746556
APO,APOLLO GLOBAL MANAGEMENT INC,0.741066
MET,METLIFE INC,0.674606
AFL,AFLAC INC,0.661042
STT,STATE STREET CORP,0.646353
FITB,FIFTH THIRD BANCORP,0.606506
PYPL,PAYPAL HOLDINGS INC,0.584779
COIN,COINBASE GLOBAL INC  CLASS A,0.576846
AMP,AMERIPRISE FINANCIAL INC,0.556926
NDAQ,NASDAQ INC,0.542653
XYZ,BLOCK INC,0.539334
PRU,PRUDENTIAL FINANCIAL INC,0.532347
IBKR,INTERACTIVE BROKERS GRO CL A,0.528925
MSCI,MSCI INC,0.525451
AIG,AMERICAN INTERNATIONAL GROUP,0.508479
HIG,HARTFORD INSURANCE GROUP INC,0.442475
ACGL,ARCH CAPITAL GROUP LTD,0.419676
NTRS,NORTHERN TRUST CORP,0.414930
MTB,M + T BANK CORP,0.410398
HBAN,HUNTINGTON BANCSHARES INC,0.401985
CBOE,CBOE GLOBAL MARKETS INC,0.363158
RJF,RAYMOND JAMES FINANCIAL INC,0.357065
WTW,WILLIS TOWERS WATSON PLC,0.354427
CFG,CITIZENS FINANCIAL GROUP,0.354268
ARES,ARES MANAGEMENT CORP   A,0.349491
CPAY,CORPAY INC,0.341604
CINF,CINCINNATI FINANCIAL CORP,0.323655
FISV,FISERV INC,0.317785
SYF,SYNCHRONY FINANCIAL,0.302506
RF,REGIONS FINANCIAL CORP,0.301809
TROW,T ROWE PRICE GROUP INC,0.289088
PFG,PRINCIPAL FINANCIAL GROUP,0.289045
GPN,GLOBAL PAYMENTS INC,0.246464
KEY,KEYCORP,0.238707
FIS,FIDELITY NATIONAL INFO SERV,0.234489
L,LOEWS CORP,0.226120
BRO,BROWN + BROWN INC,0.225637
WRB,WR BERKLEY CORP,0.197980
IVZ,INVESCO LTD,0.176046
EG,EVEREST GROUP LTD,0.172423
AIZ,ASSURANT INC,0.167882
GL,GLOBE LIFE INC,0.167097
JKHY,JACK HENRY + ASSOCIATES INC,0.136485
FDS,FACTSET RESEARCH SYSTEMS INC,0.125426
BEN,FRANKLIN TEMPLETON INC,0.124667
ERIE,ERIE INDEMNITY COMPANY CL A,0.073585
